iter	MultiClass
0	0.920020688111	0.620992062	02	0.578706453	03	0.92518294	0.4	0.62902445	0.5	0.5897756	06	0.929506017	07	0.632234978	08	0.596683049	09	0.7642318910	10	0.5757145711	11	0.5208353212	12	0.7688304013	13	0.5907343114	14	0.540834015	015	0.772713216	016	0.597479717	017	0.551499018	018	0.874659619	019	0.506135720	020	0.396531921	021	0.892498322	022	0.542462723	023	0.460044524	024	0.905988425	025	0.562565626	026	0.486671227	027	0.709419728	028	0.39525729	0.29	0.2644930	0.730	0.7265331	0.431	0.4536132	0.332	0.3418433	0.733	0.7391734	0.434	0.4865335	0.335	0.3772636	0.836	0.8551337	0.337	0.3524238	0.238	0.2094239	0.839	0.8948740	0.440	0.437341	0.3141	0.309242	0.9242	0.922743	0.4843	0.481144	0.3744	0.366545	0.6645	0.665946	0.2146	0.207547	0.0947	0.0945448	0.7048	0.704949	0.3149	0.305050	0.1850	0.175151	0.7351	0.73552	0.37152	0.36553	0.24253	0.2324762377
